d√©tails,√©tat,marque,adresse,prix,image_lien
ùóõùó£ ùó£ùó•ùó¢ùóïùó¢ùó¢ùóû ùü≤ùü±ùü¨ ùóöùü∞ | ùó∞ùóºùóøùó≤ ùó∂ùü±,Venant,HP,"M√©dina, Dakar",175000,https://i.roamcdn.net/hz/ed/listing-thumb-224w/8c1f2d8a257d6381d5d93ead0539d2bb/-/horizon-files-prod/ed/picture/qde9dm55/2fe0347b5248b5a36fc95feda4c0d10fdbc17468.jpg
Dell 5490 i5 8th ram 8 go,Venant,Dell,"M√©dina, Dakar",135000,https://i.roamcdn.net/hz/ed/listing-thumb-224w/fcf5a5a3094a477cb09fb45f7502189c/-/horizon-files-prod/ed/picture/qq4qmgqj/7d60185eb952522055204c611000fed67956df2b.jpg
Dell Alienware M16 R1,Neuf,Dell,"M√©dina, Dakar",1300000,https://i.roamcdn.net/hz/ed/listing-thumb-224w/7894f886996b9f0d8ac1a57b468d22e7/-/horizon-files-prod/ed/picture/qv4dp7np/8eb315b794ef552a700c9815bd1f17cec33ba20c.jpg
Dell Precision 3571 Douzi√®me g√©n√©ration,Venant,Dell,"M√©dina, Dakar",375000,https://i.roamcdn.net/hz/ed/listing-thumb-224w/4ced368c9e53440accdaec15750a50a2/-/horizon-files-prod/ed/picture/q56ppjz6/595213838e740ce3ee3817a3e74e63d24d9ab992.jpg
MacBook Air M2,Neuf,Apple,"Ouest foire, Dakar",400000,https://i.roamcdn.net/hz/ed/listing-thumb-224w/605d863bd8f7bc227d0c1e570f087358/-/horizon-files-prod/ed/picture/qde9dz6w/e229093e7c1149812e61b109912994a7a1ea35b3.jpg
HP Envy 15 X360 cor i7,Neuf,HP,"M√©dina, Dakar",550000,https://i.roamcdn.net/hz/ed/listing-thumb-224w/44518f29b503450825a17bfa74bc077d/-/horizon-files-prod/ed/picture/qv4dw7pp/18dd4e4e3dc9a0c88db01b068ebfaab43d75077e.jpg
Dell 7390 cor i7 Tactile 2-in-1,Venant,Dell,"M√©dina, Dakar",250000,https://i.roamcdn.net/hz/ed/listing-thumb-224w/19b0784804c962986184b85a1b167018/-/horizon-files-prod/ed/picture/qng9dd8r/3bed80040175ee6c4c98debaa92e2a805ef03f6f.jpg
HP Elitebook 840 G6 cor i5 de 8th g√©n√©ration,Venant,HP,"M√©dina, Dakar",220000,https://i.roamcdn.net/hz/ed/listing-thumb-224w/ebfa98c9d6c2d603cbf85378ff338da1/-/horizon-files-prod/ed/picture/q9mkrxvv/db6cd96563da1e83fe7e3040274286010f8ac482.jpg
Dell 5420 cor i7 de 11th g√©n√©ration,Venant,Dell,"M√©dina, Dakar",280000,https://i.roamcdn.net/hz/ed/listing-thumb-224w/f1c2702ee73a089738666a2c1533a05f/-/horizon-files-prod/ed/picture/q78jx46d/cb8863482b9d3c16ce8a5e57b77a3cdd0afe5c4b.jpg
Dell PRECISION 5550,Venant,Dell,"Hlm, Dakar",395000,https://i.roamcdn.net/hz/ed/listing-thumb-224w/b54059d499f9f2a72e6015f04cc6df12/-/horizon-files-prod/ed/picture/q6xqr8j4/16dbcf474f5c38fbd18f167fa6e5bd690eee2f1d.jpg
HP Probook 435 G7,Venant,HP,"M√©dina, Dakar",230000,https://i.roamcdn.net/hz/ed/listing-thumb-224w/56b4d94fe55ec585114e295a5adb9527/-/horizon-files-prod/ed/picture/qzv8rw06/72b5d51c7aef85cafca0efcfa49b6114b345593a.jpg
PC Gamer RTX 5070 Ti,Neuf,MSI,"Plateau, Dakar",1850000,https://i.roamcdn.net/hz/ed/listing-thumb-224w/07758bff496a054d1e8fda977282a30e/-/horizon-files-prod/ed/picture/q56prqkg/59755289e72124e6fde4981a4834f0992dcb0dee.jpg
iPad Air M3 (2024),Neuf,Apple,"M√©dina, Dakar",390000,https://i.roamcdn.net/hz/ed/listing-thumb-224w/29d879b0ac288213a9ff882d84aada9f/-/horizon-files-prod/ed/picture/q2jk89x8/ae14334a8f74a67eea2b11a94da29d0a1c15a574.jpg
Pc Gaming RTX 5070 Ti,Neuf,MSI,"Plateau, Dakar",1850000,https://i.roamcdn.net/hz/ed/listing-thumb-224w/7fdb98127f67adfd728cb479d604fc30/-/horizon-files-prod/ed/picture/qj465906/15caf4433c642cfdb56fa4ea073ba01d148dcf79.jpg
iPad Air A16 last model ( 2025),Neuf,Apple,"Ndiakhirate, Dakar",310000,https://i.roamcdn.net/hz/ed/listing-thumb-224w/b7bcddadeb53f5dd5d62931c8ff3539d/-/horizon-files-prod/ed/picture/qkr76nz8/839004acd788769144f024538f96de09ee098c73.jpg
HP All-in-One G9 cor i5 de 12th Gen,Neuf,HP,"M√©dina, Dakar",650000,https://i.roamcdn.net/hz/ed/listing-thumb-224w/24eb47125599af6016240ee1ebcb5079/-/horizon-files-prod/ed/picture/qrzr6mx2/1fd2185a7a65937dd0173d429d620c983f59dece.jpg
MacBook Pro 14 pouces M1 Pro SSD 512 Ram 16,Neuf,Apple,"Gueule-Tap√©e, Dakar",650000,https://i.roamcdn.net/hz/ed/listing-thumb-224w/8404d5b16d5d9d536090b92252a46dab/-/horizon-files-prod/ed/picture/q0gk8v66/459640456055f0a1b4b570c9f6133ab10e3eb3dd.jpg
Promo Hp EliteBook 840 Corei7 512ssd Ram16,Neuf,HP,"M√©dina, Dakar",200000,https://i.roamcdn.net/hz/ed/listing-thumb-224w/7eaba87b679cb4e17e7a9630cca5b152/-/horizon-files-prod/ed/picture/qj4659g6/e714c2772b73550c2fc36a4dcc36295747db8dad.jpg
Promo Hp EliteBook 840 Corei5,Neuf,HP,"M√©dina, Dakar",150000,https://i.roamcdn.net/hz/ed/listing-thumb-224w/5c1a8d5059cfb4bcd69045f6b918a67b/-/horizon-files-prod/ed/picture/qrzr6mw2/22b4e71d8402a5b32d60f1faf942b115e7f82a3a.jpg
Macbook Air M2 2023,Neuf,Apple,"Point-e, Dakar",800000,https://i.roamcdn.net/hz/ed/listing-thumb-224w/64fa72ff703f162f8569e71ceff63e48/-/horizon-files-prod/ed/picture/q2j0ze8d/e1ab9711b546c1fb3d427532de3ada447ae28ed3.jpg
MacBook Pro 2019,Venant,Apple,"Point-e, Dakar",350000,https://i.roamcdn.net/hz/ed/listing-thumb-224w/c0ca1b3fd588a655ae0cb6a9bb4c5246/-/horizon-files-prod/ed/picture/q8v42edx/55c1d941cfbdb3fefea7fa587531c4153a6c24f4.jpg
Acer Nitro 5 Corei7 9th Nvidia 4go D√©di√©,Venant,Acer,"Gueule-Tap√©e, Dakar",270000,https://i.roamcdn.net/hz/ed/listing-thumb-224w/c4cd41114543ab3e383156da5c0403bc/-/horizon-files-prod/ed/picture/qq4zwxdz/a75af94a773605aba47513e726d58648a4cc3eaa.jpg
Refroidisseur ordinateur portable,Neuf,HP,"Dieuppeul, Dakar",8000,https://i.roamcdn.net/hz/ed/listing-thumb-224w/ab0886bae732fa2709188cebf22812d8/-/horizon-files-prod/ed/picture/qkrme4p8/9e3cf5a279056f4855a90cc77fcae74d4f346da6.jpg
c√¢ble rj45 internet original,Neuf,Dell,"Dieuppeul, Dakar",2500,https://i.roamcdn.net/hz/ed/listing-thumb-224w/a50ab776a792673b7d5c5a6f119db489/-/horizon-files-prod/ed/picture/q6xkdk0j/99f320280561bfb651a6dd614a63d11f12dd517b.jpg
HP 840 G8 i5 8th ram 16,Venant,HP,"M√©dina, Dakar",200000,https://i.roamcdn.net/hz/ed/listing-thumb-224w/dbb917284a9901293ad5a3a815a0ac43/-/horizon-files-prod/ed/picture/qzv8vv7d/29e0791be9a71bee0dd33bd8d6ec6db6bd1084a7.jpg
hp probook 4430s i5 ram 8,Venant,HP,"M√©dina, Dakar",100000,https://i.roamcdn.net/hz/ed/listing-thumb-224w/74757ecb08132c5bb2d1e75ed33b74e8/-/horizon-files-prod/ed/picture/qxj8wdqq/1bfe361f49a8c6c83445758a31a1154e0ef15712.jpg
HP Envy 15 X360 - I7 12e G√©n√©ration | 16GB RAM | 512GB SSD,Venant,HP,"Point-e, Dakar",350000,https://i.roamcdn.net/hz/ed/listing-thumb-224w/a8a8e12d0d6329544eb308a77f5d22d9/-/horizon-files-prod/ed/picture/qkr76dem/b7398bd11359a52f62e1fc6c5d9d6c4af23f52af.jpg
MacBook Pro M1 2020 512GB,Venant,Apple,"Plateau, Dakar",385000,https://i.roamcdn.net/hz/ed/listing-thumb-224w/983532f845c6d9941e38af3b972a8f7b/-/horizon-files-prod/ed/picture/qng90kqg/6b579e6b6acf7d57a56ddeac8da6cda0530b4d6d.jpg
HP EliteBook 840 G8 - I5 11th | 16GB RAM | 256,Venant,HP,"Point-e, Dakar",300000,https://i.roamcdn.net/hz/ed/listing-thumb-224w/c1dce58f1e71868ae45cb21d969d5582/-/horizon-files-prod/ed/picture/qm50vkkj/146f5e18186af92d1b6be527db932ab931ccacd9.jpg
Switch Ubiquiti USW-24-Poe (Neuf),Neuf,Autre,"Avenue Bourguiba, Dakar",330000,https://i.roamcdn.net/hz/ed/listing-thumb-224w/056ce4a9de79d94d22184585810d891b/-/horizon-files-prod/ed/picture/q4450rjp/31807ff64dfdabd61d31386858d873ecd80d0e46.jpg
IMAC i5/i7 21‚Äô/27,Neuf,Apple,"Gueule-Tap√©e, Dakar",180000,https://i.roamcdn.net/hz/ed/listing-thumb-224w/71ce5fc568bae401447e87c3fd2679c1/-/horizon-files-prod/ed/picture/migrated/qvdx9qm/d3f195d43ed8a14d0af19e8cb8e565e78a8c6bfd.jpg
Microsoft Surface pro/laptop / book,Venant,Microsoft Surface,"Gueule-Tap√©e, Dakar",145000,https://i.roamcdn.net/hz/ed/listing-thumb-224w/b490a11c89176296f9359784d0c7382c/-/horizon-files-prod/ed/picture/q96mvm5/34f002c68faac1604a3b04248059870bb56cf6a9.jpg
Macbook pro retina Corei5 /i7,Venant,Apple,"Gibraltar, Dakar",175000,https://i.roamcdn.net/hz/ed/listing-thumb-224w/5382b7180d4c6f1ad51ec68297769c41/-/horizon-files-prod/ed/picture/q94jp00/38a4d72a81da7e29b171591dba925e147cc81686.jpg
DELL microtours i5/i7 6e-12e gen,Neuf,Dell,"Gibraltar, Dakar",90000,https://i.roamcdn.net/hz/ed/listing-thumb-224w/7ef7af14f16e618d96730a57a1046fdd/-/horizon-files-prod/ed/picture/q6044zv/50ea70c914069bf20cc71981e9e438a73df6eb0f.jpg
üî• PC GAMING ULTIME - B√äTE DE GUERRE SUR MESURE,Neuf,Autre,"Gibraltar, Dakar",450000,https://i.roamcdn.net/hz/ed/listing-thumb-224w/c50a9a35ed1e1ef5726efe3c74af5a3e/-/horizon-files-prod/ed/picture/q44nwz4r/e882341b7406e9ccc87b3203afd40b8a99bd7655.jpg
DELL G5 GAMEUR Corei7 8th RTX 2060 !!!,Venant,Dell,"Gibraltar, Dakar",325000,https://i.roamcdn.net/hz/ed/listing-thumb-224w/e83e4823df10814a53634a1fde798c62/-/horizon-files-prod/ed/picture/qj464gz8/67c83115ad3eb806af3faaff68fdfa452d044b05.jpg
"Microsoft Surface Pro 11e √©dition 13"" Snapdragon x Elite",Neuf,Microsoft Surface,"Point-e, Dakar",950000,https://i.roamcdn.net/hz/ed/listing-thumb-224w/d0b242b0fef83e1595690898863b195c/-/horizon-files-prod/ed/picture/qv4w00g2/6f1d1655b7bd3336f74a34d28ed3211d59ac14cd.jpg
Surface Laptop 7 Copilot+ -Snapdragon X|16GB RAM|1 T√©ra,Neuf,Microsoft Surface,"Point-e, Dakar",650000,https://i.roamcdn.net/hz/ed/listing-thumb-224w/d80386db858aca68066eff7ec661fe19/-/horizon-files-prod/ed/picture/qxjprnzj/bfced4c4e8114b9856a167769b88b408503b78b4.jpg
"MacBook Pro M3 14"" 2023 8GB/512GB",Neuf,Apple,"Point-e, Dakar",770000,https://i.roamcdn.net/hz/ed/listing-thumb-224w/b230ab52cd60d98ab65ddcade2edca32/-/horizon-files-prod/ed/picture/qngp6z7e/cb6ccb47252755b246d749e3ad9d20ff05d2c6e2.jpg
MSI Modern 15H - I9 13e G√©n√©ration | 32GB RAM | 1 T√©ra,Venant,MSI,"Point-e, Dakar",550000,https://i.roamcdn.net/hz/ed/listing-thumb-224w/5f523b7f5f86cf47062cd7a47a776c2c/-/horizon-files-prod/ed/picture/qzv8r428/4189e038ccccb0cf20b9d6f425391925b045272a.jpg
Dell Latitude 7420 - I5 11th | 16GB RAM | 256,Venant,Dell,"Point-e, Dakar",220000,https://i.roamcdn.net/hz/ed/listing-thumb-224w/81523729dd5cce011184b336de2559ce/-/horizon-files-prod/ed/picture/qng99qzz/aeff617e33f46190fd128cb29aa8b2b70334c362.jpg
HP ZBook 15 G5 - I7 8e G√©n√©ration | 16GB RAM | 256GB SSD,Venant,HP,"Point-e, Dakar",260000,https://i.roamcdn.net/hz/ed/listing-thumb-224w/936e850f680aaac78e728d537d7638f1/-/horizon-files-prod/ed/picture/qwern9w5/cd82ea86c7aca368a46ae8cc1d28df4bcbb17333.jpg
ASUS ROG ZEPHYRUS M16 I7 12TH,Neuf,ASUS,"Yoff, Dakar",750000,https://i.roamcdn.net/hz/ed/listing-thumb-224w/b91e4c5af48dfa3a126e09d5068fc91b/-/horizon-files-prod/ed/picture/qzvpndrq/5518e893f8d9b58764164ba718f2728999ef7016.jpg
MacBook Air m2 8/256,Venant,Apple,"Yoff, Dakar",500000,https://i.roamcdn.net/hz/ed/listing-thumb-224w/77b212a046a8120cff2e53f32307f1b8/-/horizon-files-prod/ed/picture/q2jkqrx8/ee0892cd9dd19ea1cf49be636d9665f121596de3.jpg
Elitebook860 G11 ultra5,Neuf,HP,"Yoff, Dakar",650000,https://i.roamcdn.net/hz/ed/listing-thumb-224w/ed01ae8076de889941958d1d6b92f6fd/-/horizon-files-prod/ed/picture/qxj8jnzv/008a9f93d8ae3deed49e802b5a0d67f56b293af0.jpg
MSI I7 RTX 4050 16/512,Venant,MSI,"Yoff, Dakar",700000,https://i.roamcdn.net/hz/ed/listing-thumb-224w/27d36dfc1ed7e2f28761b383e228b714/-/horizon-files-prod/ed/picture/qde9kqj7/cefd8a1f276dbab78ddb4f61e6a48321203e578c.jpg
Surface pro11th 32/1tera,Neuf,Microsoft Surface,"Yoff, Dakar",950000,https://i.roamcdn.net/hz/ed/listing-thumb-224w/e7e49179d0dbe8864a80ec9eefca483b/-/horizon-files-prod/ed/picture/qde9dn07/c1121f0c303c6736b4089ff91b0ad89eb408eff6.jpg
MacBook Pro 2024 14 Pouces-M4 Max | 36GB RAM | 1 T√©ra,Neuf,Apple,"Point-e, Dakar",1650000,https://i.roamcdn.net/hz/ed/listing-thumb-224w/6ee429d0544e5f19ec0d3b5ed7c46dad/-/horizon-files-prod/ed/picture/qj465dpz/d1e315d958069783bde5f6e366a60bf6e77f3fad.jpg
Mac air puce M2 2022 RAM 8go disque,Neuf,Apple,"Hlm, Dakar",475000,https://i.roamcdn.net/hz/ed/listing-thumb-224w/e1445a7576bf3a11115a7b1ee72b0361/-/horizon-files-prod/ed/picture/q8vmk2pz/7123f2a5aea747de14313a0ac441b270a810b05a.jpg
Acer aspir 3,Venant,Acer,"Plateau, Dakar",140000,https://i.roamcdn.net/hz/ed/listing-thumb-224w/70496b548319cb754a05f139ded7497b/-/horizon-files-prod/ed/picture/qzv8z8ed/169a8ac9ddb76863a224fcb1cdf64386b1148cfc.jpg
Dell 5430 12th /512Go,Neuf,Dell,"Plateau, Dakar",450000,https://i.roamcdn.net/hz/ed/listing-thumb-224w/8739d0348fd7f977386a5de707841c39/-/horizon-files-prod/ed/picture/qj466z45/1bef561ce64ff4014222983d1c8de6b670bb7211.jpg
Dell 5410 i5 10gen,Venant,Dell,"Plateau, Dakar",190000,https://i.roamcdn.net/hz/ed/listing-thumb-224w/49398f11b4978f6f588fee9c06346776/-/horizon-files-prod/ed/picture/q8vmk580/552980433445dd7e2ee09e72104b314620709be4.jpg
MacBook Air 13 pouces M4 16GB SSD 512,Neuf,Apple,"Fass, Dakar",850000,https://i.roamcdn.net/hz/ed/listing-thumb-224w/10603958f219254ad58df38b9b35e9f5/-/horizon-files-prod/ed/picture/qv4d90w8/cf5498a291c4432ed400d3c5ecbab93624fc4aed.jpg
LONOVO THINKPAD,Venant,Lenovo,"M√©dina, Dakar",190000,https://i.roamcdn.net/hz/ed/listing-thumb-224w/ddf413c2be0f44d71b715feca227d591/-/horizon-files-prod/ed/picture/qzv8pwvn/b39f52fd13f887680b573b2333a6b0a9d23a6f7f.jpg
HP DUAL CORE,Venant,HP,"M√©dina, Dakar",75000,https://i.roamcdn.net/hz/ed/listing-thumb-224w/aeff86329513ae9b6c46fde8b3f9d58e/-/horizon-files-prod/ed/picture/q9mkjv96/8c2bfb737dbd4b1d2d7063a52e114eecef47735e.jpg
HP DUAL CORE,Venant,HP,"M√©dina, Dakar",60000,https://i.roamcdn.net/hz/ed/listing-thumb-224w/8fae117b13435405d0776aef062bc4e4/-/horizon-files-prod/ed/picture/q8vm4rzp/21f12c413fa317663d64762175b40d795bf62522.jpg
Hp elitebook core i5 8th tactile,Venant,HP,"Point-e, Dakar",120000,https://i.roamcdn.net/hz/ed/listing-thumb-224w/558c56037d59843d42a435829d3ce99f/-/horizon-files-prod/ed/picture/qgqm4j2e/5221be1eb067299da9dcf60a6c6a855ad449ff36.jpg
"MacBook Air 13"" (2025) sceller",Neuf,Apple,"Sicap Sacr√©-c≈ìur, Dakar",750000,https://i.roamcdn.net/hz/ed/listing-thumb-224w/c392d9306c06deb923c63d776c6b3503/-/horizon-files-prod/ed/picture/qkr76x8p/23785300dc5202358c122e5af2cd6cbdaee9502b.jpg
ASUS TUF GAMING RTX 4060,Neuf,ASUS,"Sicap Sacr√©-c≈ìur, Dakar",750000,https://i.roamcdn.net/hz/ed/listing-thumb-224w/227a3489d6cf0636d42a49ad7f94303a/-/horizon-files-prod/ed/picture/q0gk80q8/8b4b4a46c66ce9e4a4794dfaeb0e6786e6de398b.jpg
Pc Gaming (2025) RTX 5070,Neuf,ASUS,"Sicap Sacr√©-c≈ìur, Dakar",1650000,https://i.roamcdn.net/hz/ed/listing-thumb-224w/e667654fe587fec3d870b6bf653d9c40/-/horizon-files-prod/ed/picture/qkr78468/39045021306eb01168de226de8b34e9bfeef535a.jpg
hp Omen 16' RTX 3060,Neuf,HP,"Sicap Sacr√©-c≈ìur, Dakar",550000,https://i.roamcdn.net/hz/ed/listing-thumb-224w/335cc54c0304a72fd416de3993cd3e30/-/horizon-files-prod/ed/picture/qenr9xm9/df69bb67703eff4013d2eef4750c7ed162628e0e.jpg
Dell 3189 tactile Duo core ram 8,Venant,Dell,"M√©dina, Dakar",85000,https://i.roamcdn.net/hz/ed/listing-thumb-224w/1cc988b49910a3ccd45cadb3d7908c1e/-/horizon-files-prod/ed/picture/qenqkgxj/78f64b989e6786d2096ada846b120881ac01ca03.jpg
ùóîùóüùóü ùóúùó° ùó¢ùó°ùóò ùóóùóßùóòùó° ùóóùü≥ ùü±ùü±‚Äô‚Äô,Venant,N/A,"M√©dina, Dakar",1100000,https://i.roamcdn.net/hz/ed/listing-thumb-224w/3e444014084bf9723cfaf66d505f1343/-/horizon-files-prod/ed/picture/qrzr6r42/7c1ee14c87e4758556453b07d7754287d5a68dab.jpg
ùóõùó£ ùó£ùó•ùó¢ùóïùó¢ùó¢ùóû ùü∞ùü∞ùü¨ ùóöùü¥ | ùó∂ùü± | ùü≠ùü≠ ùóöùóòùó°,Venant,HP,"M√©dina, Dakar",250000,https://i.roamcdn.net/hz/ed/listing-thumb-224w/c695371478a326d648a97dbf5c4ac909/-/horizon-files-prod/ed/picture/qde7gzqg/5c1cb0f9e34b02140d54d23b1a2e45fcc498f475.jpg
"ùóîùóüùóü ùóúùó° ùó¢ùó°ùóò ùóõùó£ ùóòùóπùó∂ùòÅùó≤ùó¢ùóªùó≤ ùü≠ùü¨ùü¨ùü¨ ùóöùü≠ | ùóòùó∞ùóøùóÆùóª ùóúùóªùó∞ùòÇùóøùòÉùó≤ÃÅ ùüØùü∞""",Venant,HP,"M√©dina, Dakar",450000,https://i.roamcdn.net/hz/ed/listing-thumb-224w/277451febda1b7d1ffb3911f401d6910/-/horizon-files-prod/ed/picture/qq42pzpz/0a80e4607a5d59283f9e85a6d08fccfebbfe85d1.jpg
ùóõùó£ ùó≠ùü≤ùü∞ùü¨ ùó©ùüØ ùó™ùóºùóøùó∏ùòÄùòÅùóÆùòÅùó∂ùóºùóª + ùóòùóñùó•ùóîùó° ùüÆùüÆ'',Venant,HP,"M√©dina, Dakar",150000,https://i.roamcdn.net/hz/ed/listing-thumb-224w/14fb6e528652e4d2785d4629ced65c68/-/horizon-files-prod/ed/picture/qm50vj5q/590e1b0200e7ada5919b29dc031a98e09b705092.jpg
ùóõùó£ ùóòùóüùóúùóßùóòùóïùó¢ùó¢ùóû ùü¥ùü∞ùü¨ ùóöùü≤ | ùóúùü± | ùü¥ ùóöùóòùó°,Venant,HP,"M√©dina, Dakar",175000,https://i.roamcdn.net/hz/ed/listing-thumb-224w/70d3d9587a7c72f92350baac07fbab25/-/horizon-files-prod/ed/picture/qng9pzng/20c2a7475034c4b49dbf1b47e7bbd6a3413dab40.jpg
HP ELITEBOOK 840 G3 | i5 | 6 Gen,Venant,HP,"M√©dina, Dakar",125000,https://i.roamcdn.net/hz/ed/listing-thumb-224w/c4464973a4a8677a9a41d09e0e4e8748/-/horizon-files-prod/ed/picture/qxjp7n04/8215b78ac85177d16cbff765987a3251872a8720.jpg
ùóúùó†ùóîùóñ ùó¶ùóüùóúùó† ùüÆùü¨ùü≠ùü≥ | ùó∂ùü≥ | ùüÆùü≠.ùü±‚Ä≥,Venant,Apple,"M√©dina, Dakar",265000,https://i.roamcdn.net/hz/ed/listing-thumb-224w/16775d4aba84787a8a2b64c562be4efd/-/horizon-files-prod/ed/picture/qngpqrnm/5f202ace8afe813459339afe8af644f43b8bcd9f.jpg
Hp Probook 450 G6 8gen - i5,D'occasion,HP,"M√©dina, Dakar",160000,https://i.roamcdn.net/hz/ed/listing-thumb-224w/f30b8accb1283c5a81ff900d770a084c/-/horizon-files-prod/ed/picture/q785xk0g/521eb0448bfe03873b3113a6401c405f80cb54d7.jpg
HP PROBOOK 440 G7 | i5 | 10 GEN,Venant,HP,"M√©dina, Dakar",225000,https://i.roamcdn.net/hz/ed/listing-thumb-224w/171ba44e47765d797fc5cf281f255a37/-/horizon-files-prod/ed/picture/q8v5wwx0/3d68f826f73622d38e25e50e480cd6aa7acba2dd.jpg
ORDINATEUR DE BUREAU HP PRODESK 600 G3 SFF | i5 | 6 ùóöùó≤ùóª,Venant,HP,"M√©dina, Dakar",85000,https://i.roamcdn.net/hz/ed/listing-thumb-224w/1f499e52d0f6637dc6003995dc6707a8/-/horizon-files-prod/ed/picture/qj4qn42e/51e0b3aa37efc3789bbf829c73fe84dd44afb06e.jpg
ORDINATEUR DE BUREAU HP PRODESK 400 G2 | i5 | 4 ùóöùó≤ùóª,Venant,HP,"M√©dina, Dakar",70000,https://i.roamcdn.net/hz/ed/listing-thumb-224w/dacfe335e216dfeb1bdcfbd33ae0b1d3/-/horizon-files-prod/ed/picture/qm5gz5vr/7c9420a260d9868eb2d5b3a5ae9894a096733f35.jpg
Dell xps 9365 i7 rotatif,Venant,Dell,"M√©dina, Dakar",225000,https://i.roamcdn.net/hz/ed/listing-thumb-224w/210b155da74b24f9957ec8da2825a612/-/horizon-files-prod/ed/picture/qzv8r58g/23723e12a69ea90dbd622429395451f8596a72d5.png
Lenovo Legion Pro 7 RTX 4080 VRAM 12Go D√©di√©e Core i9 14e,Neuf,Lenovo,"Gueule-Tap√©e, Dakar",1550000,https://i.roamcdn.net/hz/ed/listing-thumb-224w/ecafe0303d80e8046dd895d680a27501/-/horizon-files-prod/ed/picture/qenrpjr6/12703fcce7999a99a8f261efa9115e1376d3cd53.jpg
Macbook pro 16 M3 MAX 48GB RAM,Neuf,Apple,"Fen√™tre mermoz, Dakar",2699000,https://i.roamcdn.net/hz/ed/listing-thumb-224w/afc7170c9f17a3d9e3c2c34f9f0653d9/-/horizon-files-prod/ed/picture/q0gw5e08/e1a1d4c181ed4e214e2feb3203a6c235dfc3f114.jpg
HP PROBOOK 440 G11 ULTRA 5/16GO/512SSD,Neuf,HP,"M√©dina, Dakar",400000,https://i.roamcdn.net/hz/ed/listing-thumb-224w/a960a7a3219f660e465e4f071855c500/-/horizon-files-prod/ed/picture/qrzr6485/d5fe5543e69317491dbf8616b8d20b786f53da45.jpg
DELL XPS 13 I7/16GO/512SSD,Neuf,Dell,"M√©dina, Dakar",400000,https://i.roamcdn.net/hz/ed/listing-thumb-224w/a80d363e45de5ef7dcae2a35b806674e/-/horizon-files-prod/ed/picture/q9mkr6jj/d2efab9722a3abc972ae8dc98353985ab6885388.jpg
LENOVO X1 CARBON I7/32GO/512SSD TACTILE,Neuf,Lenovo,"M√©dina, Dakar",650000,https://i.roamcdn.net/hz/ed/listing-thumb-224w/70e78f0eb2162fa1f2ccf640b3b88bd9/-/horizon-files-prod/ed/picture/qkr7627z/562b4d999c4ac3fd5228dfdb02b27b63d7edbe5b.png
MacBook Pro M1 Ram 16Go SSD 512Go,Neuf,Apple,"Gueule-Tap√©e, Dakar",499000,https://i.roamcdn.net/hz/ed/listing-thumb-224w/657e76f60ef953791fd7d2e4be78eecb/-/horizon-files-prod/ed/picture/qzv8zvdk/0913efa3a9dd58959836da4c0e0c3006d0544dc1.jpg
MacBook Air M4 (2025) SSD 512Go Ram 24Go,Neuf,Apple,"Gueule-Tap√©e, Dakar",899000,https://i.roamcdn.net/hz/ed/listing-thumb-224w/e24062fc8ba30e5a86f930bcae88b2cf/-/horizon-files-prod/ed/picture/q78jx7rg/5bf7c2ab51abd59974ed6d614714cd5252201e0e.jpg
Surface Studio 2+,Neuf,Microsoft Surface,"Fass, Dakar",3499000,https://i.roamcdn.net/hz/ed/listing-thumb-224w/c9f49804e24ea3254509c9ffbaa87ff1/-/horizon-files-prod/ed/picture/qenq4nx4/d7223d4341d415432efac80177c8a842e98a6f4a.jpg
MacBook Pro 14 pouces M4 16GB SSD 512,Neuf,Apple,"Fass, Dakar",1100000,https://i.roamcdn.net/hz/ed/listing-thumb-224w/30310647c115cf2f681e4ae75e9ee0ba/-/horizon-files-prod/ed/picture/qxj8dr6q/390d95fc9131194a553ed7b826f15288407a7d37.jpg
Dell 7330 douzi√®me i7,Venant,Dell,"M√©dina, Dakar",320000,https://i.roamcdn.net/hz/ed/listing-thumb-224w/2a3f14d5c93e581fbdb04c53ea049908/-/horizon-files-prod/ed/picture/q8v4j0p4/997c01aa1e7f13f1e0519ba29e745223d9cd86f2.jpg
MacBook Pro i9,Venant,Apple,"M√©dina, Dakar",550000,https://i.roamcdn.net/hz/ed/listing-thumb-224w/a1b181b3b53f076869b12df2ed68781d/-/horizon-files-prod/ed/picture/q0g7er5w/567adeee00eca76f1f7cc6ff6738009198673431.jpg
Msi GS66' RTX 3060,Neuf,MSI,"Sicap Sacr√©-c≈ìur, Dakar",550000,https://i.roamcdn.net/hz/ed/listing-thumb-224w/7b736ea0de66acb5743851ab5843c9dc/-/horizon-files-prod/ed/picture/qm50v48m/43991f72285dd46697b4a496abe6b05e7cc799ce.jpg
Lenovo Yoga Book 9,Neuf,Lenovo,"Hlm, Dakar",1225000,https://i.roamcdn.net/hz/ed/listing-thumb-224w/f163bb142705df8c0f34881e80e415da/-/horizon-files-prod/ed/picture/q78jxmkm/1f09369488f1f0a57bd66c3943689dcc206d19e4.jpg
Lenovo Thinkpad T14s,Venant,Lenovo,"Plateau, Dakar",250000,https://i.roamcdn.net/hz/ed/listing-thumb-224w/2548ec703c6aee613a6b0207e66f88a3/-/horizon-files-prod/ed/picture/q445rmvr/6a15433086197ee39bcb3b78bf5ca2d31d4beb85.jpg
"hp probook 440 G2, tactile i5 ram 8",Venant,HP,"M√©dina, Dakar",120000,https://i.roamcdn.net/hz/ed/listing-thumb-224w/6ac7ff13fab2a4317674ac1547eb8570/-/horizon-files-prod/ed/picture/qq4zwqgz/2a61a2edd9c856fc6c0522c683e8f609ff41d5b8.jpg
HP ELITEDESK 800G3 MINI / i5 7ieme GENERATION,Venant,HP,"M√©dina, Dakar",90000,https://i.roamcdn.net/hz/ed/listing-thumb-224w/0fd928264d18dceb7ff8511c0ab001c3/-/horizon-files-prod/ed/picture/qq42j0rj/180f3d784b936858746f8093f6b6f445eb19d31f.png
IMAC SLIM 2017,Venant,Apple,"M√©dina, Dakar",200000,https://i.roamcdn.net/hz/ed/listing-thumb-224w/b15e2421665db0c5e92dc0a7d987749c/-/horizon-files-prod/ed/picture/q56xq88e/06f3f9d933e977ad1c5a595f4041c7e773526834.png
HP PRODESK CORE i5,Venant,HP,"M√©dina, Dakar",75000,https://i.roamcdn.net/hz/ed/listing-thumb-224w/aa208cecc6e59981834da003e1472ccd/-/horizon-files-prod/ed/picture/q564ddzn/4bc46c98d038815302e2bf92ea3458f886089838.jpg
MacBook 16 i7 2019,Venant,Apple,"M√©dina, Dakar",400000,https://i.roamcdn.net/hz/ed/listing-thumb-224w/640b2177f05975b38db87510a53ee8eb/-/horizon-files-prod/ed/picture/q0gkk55x/ee9573a3e44ca2c78d74f6030891c9e38ff2aca4.jpg
Samsung galaxybook pro,Venant,Samsung,"M√©dina, Dakar",285000,https://i.roamcdn.net/hz/ed/listing-thumb-224w/31e10270e90a48f3755423d472fb1fcd/-/horizon-files-prod/ed/picture/qm500ggr/6f8a1137ab5d83c13b548f071ba2ea50a331e1f1.jpg
Lenovo t14 i7 16/512,Venant,Lenovo,"M√©dina, Dakar",240000,https://i.roamcdn.net/hz/ed/listing-thumb-224w/46ab1cbc30a8e39a6505e9eeceb842c8/-/horizon-files-prod/ed/picture/qq4zw4j4/06aa2a4d767454770c3c67a4276cdc845c2f9b41.jpg
HP Zbook 14 G7,Venant,HP,"Plateau, Dakar",300000,https://i.roamcdn.net/hz/ed/listing-thumb-224w/97e6dcae9f761b8ad88330033f496e04/-/horizon-files-prod/ed/picture/q56pr58p/3afc6567f8f5a95c2f6f3e7e5cffbd0ab050680b.jpg
HP ZBook Firefly 14 G7,Venant,HP,"Plateau, Dakar",280000,https://i.roamcdn.net/hz/ed/listing-thumb-224w/111632c87f389655ccfa512c9bc93b14/-/horizon-files-prod/ed/picture/qrzr6059/84f158b208afc5769e4a5165a48445243ca72705.jpg
Lenovo yoga,Neuf,Lenovo,"Plateau, Dakar",115000,https://i.roamcdn.net/hz/ed/listing-thumb-224w/504b81035b7c523028f436cb1d101d43/-/horizon-files-prod/ed/picture/qng90z2k/207db14647c77c6455f7fa123cd39b9ce35b8dd4.jpg
Lenovo L460 i5 ram 8,Venant,Lenovo,"M√©dina, Dakar",110000,https://i.roamcdn.net/hz/ed/listing-thumb-224w/5c9a464be0f837b6df79fe7e00cc722d/-/horizon-files-prod/ed/picture/q44875k4/0b265f6f7bd28c38c0063e8f97f4e7e9879e790e.jpg
Hp ZBook 14 G7,Neuf,HP,"Plateau, Dakar",280000,https://i.roamcdn.net/hz/ed/listing-thumb-224w/e8ef17989351358e9fb6dc894bab899c/-/horizon-files-prod/ed/picture/qrzr605n/0e568ea7878e8f1c2e49e35f3c001a0d0d5f4ab3.jpg
Hp EliteBook 830 g7 i7,Venant,HP,"Sicap Libert√©, Dakar",160000,https://i.roamcdn.net/hz/ed/listing-thumb-224w/57a8226175c2081647287234ed8066a4/-/horizon-files-prod/ed/picture/qkr84e5j/7b1617851a416d4fa5b5f4d5b3d5716b77bd5eb8.jpg
XPS 9440 RTX 4050,Neuf,Dell,"Yoff, Dakar",1250000,https://i.roamcdn.net/hz/ed/listing-thumb-224w/43ca37c244d3a98fe9df4c361afbab92/-/horizon-files-prod/ed/picture/q0gkp98d/0407e82501f155c93a6cab9af9e1cbfcbb055757.jpg
16POUCE M2PRO 16/1TERA,Neuf,Apple,"Yoff, Dakar",1050000,https://i.roamcdn.net/hz/ed/listing-thumb-224w/70a6c3d12d54df8667cd2dfc7520ef0b/-/horizon-files-prod/ed/picture/q0gkndww/49a211d407565bf4eb6ea698c8ff59ea14685ef8.jpg
16-POUCE 2019 I9,Venant,Apple,"Yoff, Dakar",525000,https://i.roamcdn.net/hz/ed/listing-thumb-224w/45064bef9086a01a54e77a6d1068a09c/-/horizon-files-prod/ed/picture/qngprqnr/429a30a0d4a40be0831817c8e2c7693cc95591ef.jpg
Hp elitebook 840 i7,Venant,HP,"Plateau, Dakar",180000,https://i.roamcdn.net/hz/ed/listing-thumb-224w/fed0418063f750011202974c71f0913c/-/horizon-files-prod/ed/picture/qkr76q02/fac168e15f023e99b285c839ed991606b3f8c4d3.jpg
M1 Pro Max (2021),Venant,Apple,"M√©dina, Dakar",725000,https://i.roamcdn.net/hz/ed/listing-thumb-224w/67501c4490c188cb0747a1a63d14ce84/-/horizon-files-prod/ed/picture/qpdgn8rm/5985fd997d1d739fb035f5b080970a5efe21d531.jpg
HP All-in-One 24 pouce,Neuf,HP,"M√©dina, Dakar",540000,https://i.roamcdn.net/hz/ed/listing-thumb-224w/0dc3f438a65f9e8ce0d7819952630db3/-/horizon-files-prod/ed/picture/q445jedm/0873803018a77002b2313468b1d8d0ffe39643c2.jpg
Dell XPS 9720 cor i9 de 12th Gen,Neuf,Dell,"M√©dina, Dakar",750000,https://i.roamcdn.net/hz/ed/listing-thumb-224w/3606cc2f3cc4bd0ed2156299e023b8c8/-/horizon-files-prod/ed/picture/qrzrngk5/ed4d4ef6eb689974569a41181dbd08f2bbba4e71.jpg
MacBook Pro M1 Pro 16'',Venant,Apple,"Point-e, Dakar",800000,https://i.roamcdn.net/hz/ed/listing-thumb-224w/8776ec626b6e669f89adcb58405c1a27/-/horizon-files-prod/ed/picture/qxjp07nn/74e9db47dc88403b1f218cd8f787ba21dabde865.jpg
Dell precision 5520 4Go graphique,Venant,Dell,"Yoff, Dakar",250000,https://i.roamcdn.net/hz/ed/listing-thumb-224w/72d3ba6351937296f060198f1ee4e37e/-/horizon-files-prod/ed/picture/qq4zwv97/5f8477b38dfcd667e51ff10407216fa04e2286a6.jpg
ORDINATEUR ALL IN ONE INSPIRON 5410 (GARANTIE 1 AN üíØ ),Neuf,Dell,"Plateau, Dakar",802400,https://i.roamcdn.net/hz/ed/listing-thumb-224w/58f6caec6e62f506ddd5f8cc0aecfafe/-/horizon-files-prod/ed/picture/q9mkjvw8/9c1321297c6b258e298f532f7791d4b01fd3d40d.jpg
ORDINATEUR DELL XPS 13U ENG 4th Gen (NEUF & GARANTIE 1 AN üíØ),Neuf,Dell,"Plateau, Dakar",1060820,https://i.roamcdn.net/hz/ed/listing-thumb-224w/b36314292c31b436e1a3c667fecd5221/-/horizon-files-prod/ed/picture/q445nmr9/b0e1c1cc34939f552615ac2986647391917afe7c.jpg
"ORDINATEUR DELL INSPIRON 16, 5630 Neuf (GARANTIE 1 AN‚úÖÔ∏è)",Neuf,Dell,"Plateau, Dakar",672600,https://i.roamcdn.net/hz/ed/listing-thumb-224w/1c881c14d37687cb0e2198fb0b7b1170/-/horizon-files-prod/ed/picture/q9mkj25p/988a3b6f9d5a8a2f35b7731d13ff226ea1dc56d6.jpg
HP PRODESK | CORE i5,Venant,HP,"M√©dina, Dakar",75000,https://i.roamcdn.net/hz/ed/listing-thumb-224w/fa6350b5fcfc95da783035fb56f7c908/-/horizon-files-prod/ed/picture/qv44n0vg/3ad97f636e99e82f743b9d5959c4701dc2ffd46a.jpg
ùóõùó£ ùó£ùó•ùó¢ùóïùó¢ùó¢ùóû ùü∞ùü±ùü¨ ùóöùü± | ùó∂ùü± | ùü¥ ùóöùó≤ùóª,Venant,HP,"M√©dina, Dakar",150000,https://i.roamcdn.net/hz/ed/listing-thumb-224w/63b02f892daea1234884f11689910904/-/horizon-files-prod/ed/picture/q2j0xxkk/34b789ca7b417d3ee24e49607df8ccdbf77f39b8.jpg
Mac Book Pro Touch Bar 2020 Core i7 ssd 512 Gb Ram 16 Gb,Venant,Apple,"Camb√©r√®ne, Dakar",375000,https://i.roamcdn.net/hz/ed/listing-thumb-224w/6b353206e95d56ce3c7f3cce57ca5886/-/horizon-files-prod/ed/picture/qrzrvnxg/4532814f3480fa17996c2b5eb9a0445718042777.jpg
New Dell Premium 14 Pro Ultra 7 (2025),Neuf,Dell,"Camb√©r√®ne, Dakar",750000,https://i.roamcdn.net/hz/ed/listing-thumb-224w/f7707b0ac1808f700f59a761bc14f42e/-/horizon-files-prod/ed/picture/q9mk05mw/a629e0b15d5e04b427e4dbba4b2cd10d290d15db.png
Asus Rog Strix Ultra 9 RTX 5080 de 16 Gb d√©di√© (2025),Neuf,ASUS,"Camb√©r√®ne, Dakar",1,https://i.roamcdn.net/hz/ed/listing-thumb-224w/2fb04e80ba431fd09882a645cbcb6f5f/-/horizon-files-prod/ed/picture/qxj8wxgn/5db5f1c3f451f62477da88ebe9094785d2296384.jpg
2025 MacBook Air Puce M4 ssd 1 Tera Ram 16 scelle,Neuf,Apple,"Camb√©r√®ne, Dakar",1100000,https://i.roamcdn.net/hz/ed/listing-thumb-224w/fe21cd8be25209d1bc928704b0bbf0dd/-/horizon-files-prod/ed/picture/q445r70m/0398535e9272b01efcaeb1f35dfdcfa1ee0a9a45.jpg
Mac Book Pro M4 Scelle,Neuf,Apple,"Camb√©r√®ne, Dakar",1150000,https://i.roamcdn.net/hz/ed/listing-thumb-224w/3310db99269029d6521ec1a04f7382f4/-/horizon-files-prod/ed/picture/q0gk85nk/c7cd753c3d078bfe265a29ce6eb27a95327d4187.jpg
MSI Katana 15' RTX 4070,Neuf,MSI,"Sicap Sacr√©-c≈ìur, Dakar",950000,https://i.roamcdn.net/hz/ed/listing-thumb-224w/921410cff5a04e5db0d1d4bf1835c7fd/-/horizon-files-prod/ed/picture/q2jkkvxe/2eda0b27880137967e970a03dc1b0e1697afddcd.jpg
MacBook M4 Pro sceller,Neuf,Apple,"Sicap Sacr√©-c≈ìur, Dakar",1350000,https://i.roamcdn.net/hz/ed/listing-thumb-224w/bf25849c3b1dae429e793e0388600207/-/horizon-files-prod/ed/picture/qj465jdd/d6eca77b33c00ef0296c6da76c85dfda2ad881d3.jpg
Lenovo Yoga Book 9i OLED,Neuf,Lenovo,"Sicap Sacr√©-c≈ìur, Dakar",950000,https://i.roamcdn.net/hz/ed/listing-thumb-224w/70cf0df61cb263b1fd32930208454bd9/-/horizon-files-prod/ed/picture/q9mk95zx/4cb3f9262f441a5f1918c4c140a3e839ac363d1b.png
ASUS ROG STRIX (2025) RTX 5070 Ti VRAM 12Go D√©di√©e RYZEN 9,Neuf,ASUS,"Gueule-Tap√©e, Dakar",1699000,https://i.roamcdn.net/hz/ed/listing-thumb-224w/f57c05e2c156f92bae5a155a90717343/-/horizon-files-prod/ed/picture/qxj8gjxw/12a3d3d31163e62a90e702dbfa91726d6eeb8787.jpg
ALIENWARE 16 AURORA ULTRA 9/32GO/1TO/RTX5070,Neuf,Dell,"M√©dina, Dakar",1700000,https://i.roamcdn.net/hz/ed/listing-thumb-224w/fbeb3387f7fc38c29879fc0391f5d315/-/horizon-files-prod/ed/picture/qwernjrk/ce61ea2891946bcb6baf3965db942e2dd5db6047.jpg
Hp 450 g9 i5 12e gen,Venant,HP,"M√©dina, Dakar",260000,https://i.roamcdn.net/hz/ed/listing-thumb-224w/193bf21b16747437236a89db3010e415/-/horizon-files-prod/ed/picture/qxj8wx8j/820c0ff2a4b7dd14dcb3736b0aac48ccad2eee24.jpg
Macbook Pro M1 2020,Neuf,Apple,"M√©dina, Dakar",380000,https://i.roamcdn.net/hz/ed/listing-thumb-224w/452ecc3bdbba640a61c319a11d14d04a/-/horizon-files-prod/ed/picture/qwerrgw4/1664af2e8a23cd5428709a4220056e8d767ebc9d.jpg
Surface Laptop 7+ (2025),Neuf,Microsoft Surface,"M√©dina, Dakar",550000,https://i.roamcdn.net/hz/ed/listing-thumb-224w/2eda28725a46e4f0c05d48cbc038057e/-/horizon-files-prod/ed/picture/q6xqr5g7/912a263c7e40120a1d4b18da9fbe6fb8a7b5809b.jpg
Hp √âLITE Dragon fly core i5 de 8th,Venant,HP,"Hlm, Dakar",225000,https://i.roamcdn.net/hz/ed/listing-thumb-224w/dd189677e9c81d2b70250da04fb2ca9a/-/horizon-files-prod/ed/picture/qkr7604n/1d92c76a6e1e44570a7612d8e1c596b923f2f894.jpg
HP probook 430 G6,Venant,HP,"Plateau, Dakar",160000,https://i.roamcdn.net/hz/ed/listing-thumb-224w/80191d02036dca7f82a27898da4bff8d/-/horizon-files-prod/ed/picture/qv4d9z65/97438d0fcea9a8d68348eb9f69589c6ce6d03dc6.jpg
Dell xps13 7390,Neuf,Dell,"Grand-Yoff, Dakar",330000,https://i.roamcdn.net/hz/ed/listing-thumb-224w/8abfb767fe8eaa265f590ca78bfc7542/-/horizon-files-prod/ed/picture/q78jxgwg/f8e1b7decdc34d452203609a5653fea28d68350c.jpg
Dell 5480 i5 ram 8,Venant,Dell,"M√©dina, Dakar",115000,https://i.roamcdn.net/hz/ed/listing-thumb-224w/c040c961a07b5a91a8491598c92f947d/-/horizon-files-prod/ed/picture/qrzrngp2/b1eb82f36f83a09bf1f3596363bacd4483391b4b.jpg
Promo Hp EliteBook 840 Corei7,Neuf,HP,"M√©dina, Dakar",180000,https://i.roamcdn.net/hz/ed/listing-thumb-224w/17e03983669af2925070a137cea6cb68/-/horizon-files-prod/ed/picture/q2jk8gdv/2c53da2e224fc5d05b40c388db3bc339c44d739b.jpg
LENOVO L13 GEN 5 ULTRA 5/16GO/512SSD,Neuf,Lenovo,"M√©dina, Dakar",500000,https://i.roamcdn.net/hz/ed/listing-thumb-224w/e81cb283aec3f1c7bfeff74f4f6e141c/-/horizon-files-prod/ed/picture/qv4d9zkx/5f8e4c625060309d554abd6e7bbd8dc65883edfa.jpg
HP ProBook 435 G7 x360 10th gen,Venant,HP,"Plateau, Dakar",260000,https://i.roamcdn.net/hz/ed/listing-thumb-224w/9396ab6a11a54de2dec1a9aa69c1e821/-/horizon-files-prod/ed/picture/q6xqr5vv/2909d2f1e3061e54c618fce56d1453534f9a3a2a.jpg
DELL LATITUDE 5550 ULTRA 5/32GO/512SSD TACTILE,Neuf,Dell,"M√©dina, Dakar",550000,https://i.roamcdn.net/hz/ed/listing-thumb-224w/399f87a8cafa2b97bbea716b9bf407c8/-/horizon-files-prod/ed/picture/q8vmkgk7/503e8a81f5d27f2ccf43b7527de1859804b893b3.jpg
MACBOOK AIR M4 512giga,Neuf,Apple,"Plateau, Dakar",875000,https://i.roamcdn.net/hz/ed/listing-thumb-224w/6d802427fac4b5f31f41d379acc9065e/-/horizon-files-prod/ed/picture/qrzrnkw5/14de02be93d8662d90e50d559139c3d85914b01d.jpg
MacBook AiR M3 /16GO/256 SSD SCELLE 15 POUCE,Neuf,Apple,"M√©dina, Dakar",800000,https://i.roamcdn.net/hz/ed/listing-thumb-224w/7901a14f53d59f15d2c1429443e0bfb3/-/horizon-files-prod/ed/picture/q9mkrk9x/7b113f5043d274a7cb157efd9bf9cec4f2890586.jpg
Mac book Pro,Venant,Apple,"Hann maristes, Dakar",200000,https://i.roamcdn.net/hz/ed/listing-thumb-224w/29f327833818f322d94696749124bd33/-/horizon-files-prod/ed/picture/qenrppj6/6452b9f8d24c5ff9e6ba698a0ad39e73cc589c34.jpg
MacBook 2017 16/512,Venant,Apple,"Yoff, Dakar",320000,https://i.roamcdn.net/hz/ed/listing-thumb-224w/f6d003247611b2303566492a99675dc8/-/horizon-files-prod/ed/picture/qwere9vz/3313cc49177effeff96aabeaddcfc79c8ef0dd5f.jpg
Pr√©cision I7 11th 16/512,Neuf,Dell,"Yoff, Dakar",375000,https://i.roamcdn.net/hz/ed/listing-thumb-224w/456282609ead5dfe5fde3be7eea0792e/-/horizon-files-prod/ed/picture/q78jvmkd/2be3ee35649179a1fe2590149c6a63c26e3fde3e.jpg
HP Elite Dragonfly G1 x360,Venant,HP,"Plateau, Dakar",290000,https://i.roamcdn.net/hz/ed/listing-thumb-224w/52d38203aeec24ed4f45b3061491fda4/-/horizon-files-prod/ed/picture/qm50vn0z/1165880689439e335ef9511e96869f97a82615c6.jpg
Lenovo ThinkPad X260,Venant,Lenovo,"Plateau, Dakar",150000,https://i.roamcdn.net/hz/ed/listing-thumb-224w/fab8095bbcbc1e1d400f138c28f061fd/-/horizon-files-prod/ed/picture/q8vmkgm7/566f89f797a9317184bda62df3ce9e6fb0ea06e7.jpg
üíº Dell Latitude 7390,Venant,Dell,"Plateau, Dakar",155000,https://i.roamcdn.net/hz/ed/listing-thumb-224w/dd56c7773f46405f49f9a123a6423bd0/-/horizon-files-prod/ed/picture/qenrpwr9/7da83a10556cc901b68d4d0fc853b3152d87a0f7.jpg
Surface Laptop4,Neuf,Surface,"Grand-Yoff, Dakar",330000,https://i.roamcdn.net/hz/ed/listing-thumb-224w/35ca1c104454691eed443d5bd50f9710/-/horizon-files-prod/ed/picture/q56prgxn/606d80ec5cebf0d5039a6ebaf5f6f01e6639c5a6.jpg
Dell Inspiron 7425 2-en-1 12th Gen,Venant,Dell,"Plateau, Dakar",300000,https://i.roamcdn.net/hz/ed/listing-thumb-224w/83d588b31369fdc0ddb15d1e7681ca42/-/horizon-files-prod/ed/picture/qq4zw62n/62f866d0a1c8aee1e8ea3b6dc3b38d8791d2e6d4.jpg
HP ProBook 645 G10 13th gen,Venant,HP,"Plateau, Dakar",280000,https://i.roamcdn.net/hz/ed/listing-thumb-224w/7280168a18d22b354a485cb17a4cffe0/-/horizon-files-prod/ed/picture/qde9dnkm/89c5060419c43474d72a55e6351c342b2906a08a.jpg
Hp elitebook AND Ryzen 7 Pro,Neuf,HP,"Grand-Yoff, Dakar",160000,https://i.roamcdn.net/hz/ed/listing-thumb-224w/00753ba14d15822ae6d9bb3d4e730d9a/-/horizon-files-prod/ed/picture/q2jk8gr2/49ab97e00d7424cfa73aabc28aad34f369364927.jpg
asus Rog Zephyrus G14 14 pouces √©cran OLED Ryzen9,Neuf,ASUS,"Grand-Yoff, Dakar",990000,https://i.roamcdn.net/hz/ed/listing-thumb-224w/c81c31d0b5155c75cc3043ccad96bd3b/-/horizon-files-prod/ed/picture/q8vmkg54/bfe93f49a345f61d213d3e2df297c29cc692585c.jpg
HP ProBook 445 G8 11th Gen,Venant,HP,"Plateau, Dakar",250000,https://i.roamcdn.net/hz/ed/listing-thumb-224w/5044e382e9f10c4771954d22dc30b26c/-/horizon-files-prod/ed/picture/q445rp85/948b2b3b0f397530242ccaf055b6cc624124c060.jpg
HP ProBook 430 G6,Venant,HP,"Plateau, Dakar",150000,https://i.roamcdn.net/hz/ed/listing-thumb-224w/540d094cc796abe4cd6d01cfd1408ef4/-/horizon-files-prod/ed/picture/qwernk45/bd976ee20497e60c29e75fbc24d6588c3d479c25.jpg
Dell core i7 disc 1tera ram 16g,Venant,Dell,"Yoff, Dakar",85000,https://i.roamcdn.net/hz/ed/listing-thumb-224w/38610f7f221cbc139f3b8abf3fa06d6d/-/horizon-files-prod/ed/picture/q6xqr56p/ba60a00e3a04a20881aa1e53c05baca062299e40.jpg
Dell Latitude 7450 Ultra 7 (2024) √âcran tactile 14 Pouces,Neuf,Dell,"M√©dina, Dakar",750000,https://i.roamcdn.net/hz/ed/listing-thumb-224w/28f815cccf188a69bfebb1be128d21ba/-/horizon-files-prod/ed/picture/q6xqrvzd/70a6a72e37e7faa41a6a4a8c32c17e41fd355d3c.jpg
All In One tout-en-un Dell OptiPlex 7760 i7 8th Gen,Venant,Dell,"M√©dina, Dakar",350000,https://i.roamcdn.net/hz/ed/listing-thumb-224w/c1c35b8710cab58b79265c0dd4942d2f/-/horizon-files-prod/ed/picture/qenrpx25/f6669fd3f1ce49ad027ca3b2886d031345366805.png
All in One I3 22 POUCESS 13eme GENERATION,Neuf,HP,"M√©dina, Dakar",345000,https://i.roamcdn.net/hz/ed/listing-thumb-224w/392dbebff30c02f201b1f51bf887b6c9/-/horizon-files-prod/ed/picture/qpdgnjjx/088e86bc6d71717ce91de66b6a78cb9d656dec5a.png
Macbook Air 2024 M3 256Gb / Ram 8Go,Neuf,Apple,"Gueule-Tap√©e, Dakar",520000,https://i.roamcdn.net/hz/ed/listing-thumb-224w/e98b16307523021392b3405ace5e1036/-/horizon-files-prod/ed/picture/qq4zw55v/e07a54e25c5dadbcc94ec3cfa2b118d696a540db.jpg
Msi Thin 15 RTX 4050,Neuf,MSI,"M√©dina, Dakar",530000,https://i.roamcdn.net/hz/ed/listing-thumb-224w/cce9636ab4e6199b6b9b92f792187b64/-/horizon-files-prod/ed/picture/qngp4x5x/e80c11efadddbd975f5e9353a30864211442b94b.jpg
Ordinateur HP ELITBOOK,Venant,HP,"Dakar, Dakar",125000,https://i.roamcdn.net/hz/ed/listing-thumb-224w/8a02167f0d3d3700e8a95c9a061abb72/-/horizon-files-prod/ed/picture/q0gk89pk/939e15bcc5557365997a2bf483cec25093b5450c.jpg
HP Elitebook 830 X360 Yoga Ecran tactile 10th Gen 13.3,Venant,HP,"M√©dina, Dakar",290000,https://i.roamcdn.net/hz/ed/listing-thumb-224w/2640ae2c09caa1631e4b40c2c04eb9fd/-/horizon-files-prod/ed/picture/qenrppe2/f2c626708343e70041b1ef6532d7541a2bb2485f.jpg
iMac 2024 M4 256 go ram 16,Venant,Apple,"M√©dina, Dakar",895000,https://i.roamcdn.net/hz/ed/listing-thumb-224w/0e66beba89fc1071f79d03acdeb2e299/-/horizon-files-prod/ed/picture/qzv8rrkg/e0b4ee4bee6e2af12961080746321505ede64700.jpg
"ORDINATEUR DELL LATITUDE 3450 : i5, 16 Go, 1 To SSD",Neuf,Dell,"Plateau, Dakar",499000,https://i.roamcdn.net/hz/ed/listing-thumb-224w/04ed33783c11afd1519427b082dfa49b/-/horizon-files-prod/ed/picture/qrzrqk62/07c9c0b03a79b4a078abce0e39bb2097f5903724.jpg
ORDINATEUR DELL LATITUDE 5320  (GARANTIE 1 AN ‚úÖÔ∏è),Neuf,Dell,"Plateau, Dakar",879100,https://i.roamcdn.net/hz/ed/listing-thumb-224w/4b4838df7ad1983705ff31312a6388b1/-/horizon-files-prod/ed/picture/qj46qwxw/1497c3dfd2da33f4cb738baa79166c85cdebd7b5.jpg
Hp 250 g8 i3 1eme 256gb ram4gb,Venant,HP,"M√©dina, Dakar",100000,https://i.roamcdn.net/hz/ed/listing-thumb-224w/5f7a3851eaa6f6ce9832eec6f35769f6/-/horizon-files-prod/ed/picture/q6xqnw9z/22570a3ac1030ab7c6368c2b7a16ca481d3562da.jpg
MacBook Pro M1 2020,Venant,Apple,"M√©dina, Dakar",390000,https://i.roamcdn.net/hz/ed/listing-thumb-224w/47a68dbd41af937169e072f525625b9e/-/horizon-files-prod/ed/picture/qq4zwwxw/744ea0098575f2a4b15b673f2558ef83e15e3caf.jpg
Pavillon tacktil i5 10th,Venant,HP,"M√©dina, Dakar",110000,https://i.roamcdn.net/hz/ed/listing-thumb-224w/307df81ff2942648b30570249ffadf5d/-/horizon-files-prod/ed/picture/qm50vv99/e5158bd0fdd47645827136bb3507708f235297fd.jpg
Hp 820 i5 500gb ram8gb,Venant,HP,"M√©dina, Dakar",70000,https://i.roamcdn.net/hz/ed/listing-thumb-224w/3d8a5e1b9383dc78a1a42dfac8b3523a/-/horizon-files-prod/ed/picture/qrzr6645/dc90f4e25385f81c9ac950ddbc9e5f75bbaca339.jpg
Air 2015 i5 11pouche 256gb ram4gb,Venant,Apple,"M√©dina, Dakar",100000,https://i.roamcdn.net/hz/ed/listing-thumb-224w/29681e73b262b92e45758f3b535360fc/-/horizon-files-prod/ed/picture/qq4zww8w/f78512eee90c960c4c74d5779545b81e829efa2a.jpg
MacBook Pro 16 pouces M4 Pro 2024 24/512Go,Neuf,Apple,"Gueule-Tap√©e, Dakar",1350000,https://i.roamcdn.net/hz/ed/listing-thumb-224w/6b8f725894a4afe46036dba1a2477608/-/horizon-files-prod/ed/picture/qwerp8wz/d590eb3ae35b68f464e19f245f7aeaa8725f01ee.jpg
MacBook Air M1 Ram 8Go SSD 512Go Azerty,Venant,Apple,"Gueule-Tap√©e, Dakar",399000,https://i.roamcdn.net/hz/ed/listing-thumb-224w/9786ef81b138aef5d28080314b664aaf/-/horizon-files-prod/ed/picture/qenrrg5v/047b68c0572661aa2f73ff74811d20f566913954.jpg
MacBook Pro 16 pouces M1 Pro 2021 32Go Ram,Neuf,Apple,"Gueule-Tap√©e, Dakar",820000,https://i.roamcdn.net/hz/ed/listing-thumb-224w/bf166f27a5f023d93c6e6009a1d8e403/-/horizon-files-prod/ed/picture/q4454jn5/23a4067f75373c72e8d543541a10eb25a2061413.jpg
SURFACE LAPTOP 3,Neuf,N/A,"Dieuppeul, Dakar",245000,https://i.roamcdn.net/hz/ed/listing-thumb-224w/fc589b3432380fcf7daaf9a6554b9734/-/horizon-files-prod/ed/picture/qv4dw905/5235150f5d16c90653883f8af9c29f00f5c550f7.jpg
MACBOOK PRO,Neuf,N/A,"Dieuppeul, Dakar",225000,https://i.roamcdn.net/hz/ed/listing-thumb-224w/13b2921f85844f1e31bf9a3420ba5264/-/horizon-files-prod/ed/picture/q8vm4kr9/e0b7d85cf06a7177cdf896ea28cde2ff93c650d2.jpg
MACBOOK PRO,Venant,N/A,"Dieuppeul, Dakar",320000,https://i.roamcdn.net/hz/ed/listing-thumb-224w/ac6957035542ac307e4fe85345bf9b6e/-/horizon-files-prod/ed/picture/q0gkkwxg/7c5e54e01b63f9cc66c820c140eb64d2b460d2ac.jpg
"Gamer Hp 745 g6 Rizen pro7 ram 16 go, 2 go d√®di√©",Venant,HP,"M√©dina, Dakar",195000,https://i.roamcdn.net/hz/ed/listing-thumb-224w/2f6d140b4b6f6f7b4ab1628b7c45d0b3/-/horizon-files-prod/ed/picture/q4454dj8/23072e10ce3a3126efa0356f6f995630897abefd.jpg
LENOVO THINKPAD E14 Gen 6 Ultra 5,Neuf,Lenovo,"Plateau, Dakar",650000,https://i.roamcdn.net/hz/ed/listing-thumb-224w/24208a58f9f195607e9a564c80da137f/-/horizon-files-prod/ed/picture/qng9077r/fcb207a8687ec235faac625ffebeb7f3ff3fddde.jpg
Surface book 2 Gtx 1060 6Go,Venant,Microsoft Surface,"Yoff, Dakar",275000,https://i.roamcdn.net/hz/ed/listing-thumb-224w/3a0b4f6b087f828ea35cf421e7206926/-/horizon-files-prod/ed/picture/qwerngnm/24f413adfc7d812fc735b74c86709e51aa609f83.jpg
Surface book 2,Venant,Microsoft Surface,"Yoff, Dakar",175000,https://i.roamcdn.net/hz/ed/listing-thumb-224w/2cffa58796527b1be6a3adc97ffc11dc/-/horizon-files-prod/ed/picture/q0gk8nne/b179ab492db0c0aa8680b4cb1f4411cdacda0bbd.jpg
Hp elitebook 840 G5,Venant,HP,"Yoff, Dakar",150000,https://i.roamcdn.net/hz/ed/listing-thumb-224w/8a0086419a63c9337b3db0778b23bbc5/-/horizon-files-prod/ed/picture/q6xqrnnj/b9194f6bb14b797b7f40aee35439ff0f77447005.jpg
Dell i7 9th ssd 512gb 16gb ram,Venant,Dell,"Guediawaye, Dakar",180000,https://i.roamcdn.net/hz/ed/listing-thumb-224w/744bbf8e95d938965a059fee9c408b11/-/horizon-files-prod/ed/picture/q6xqrk77/566a9a56714a291391802a2641f0f5fabf6c1323.jpg
ALL IN ONE HP CORE I5 TACTILE 8GB 512SSD,Neuf,HP,"M√©dina, Dakar",550000,https://i.roamcdn.net/hz/ed/listing-thumb-224w/820b2fd3ca3b69b4a90c8199d76747a1/-/horizon-files-prod/ed/picture/q44nx84z/384177caef6645da40afc5f463edb4dd52ef8ec8.jpg
"Ecran HP 32F Display Full HD 32"" 1920 x 1080",Neuf,HP,"M√©dina, Dakar",225000,https://i.roamcdn.net/hz/ed/listing-thumb-224w/7b98144c257f89a42f34add64fec110a/-/horizon-files-prod/ed/picture/q56d2vmx/5907742ff1bdb986ea042845f6705d57b6746d0e.png
ALL IN ONE HP CORE I3 8GB 512SSD,Neuf,HP,"M√©dina, Dakar",345000,https://i.roamcdn.net/hz/ed/listing-thumb-224w/583c432859f631850f66cecc243b338e/-/horizon-files-prod/ed/picture/qkr8wgg5/5b9eb9ed0e12a13208d2772ee3f81fa0d7a851f8.png
MacBook Air M2,Venant,Apple,"M√©dina, Dakar",460000,https://i.roamcdn.net/hz/ed/listing-thumb-224w/93a0feb3e800a95d3438e8d572ef98f0/-/horizon-files-prod/ed/picture/qxj8wgpm/c9196146eace7533337d9db5a520713ccf9fcd4a.jpg
MacBook Air M4 (2025) Ram 16Go SSD 512Go Scell√©,Neuf,Apple,"Gueule-Tap√©e, Dakar",830000,https://i.roamcdn.net/hz/ed/listing-thumb-224w/afe64b3a6fd2baa1111e916458197f4e/-/horizon-files-prod/ed/picture/q6xqnmw4/afc34e174b97880424d18987c254b776bdc09e85.jpg
Macbook Pro M1 ( 2020 ). 8GB/ 256 SSD,Venant,Apple,"Zone de captage, Dakar",450000,https://i.roamcdn.net/hz/ed/listing-thumb-224w/ef05f9259e8c36d9b539f62e7cc33973/-/horizon-files-prod/ed/picture/qng909m0/47014c0b895f25c419cf8461181dd67b2b568c6f.jpg
HP Elitebook 840 G8 cor i7 de 11th Gen,Neuf,HP,"M√©dina, Dakar",480000,https://i.roamcdn.net/hz/ed/listing-thumb-224w/b351f9e22af7a63b556506e6ba0e8cdd/-/horizon-files-prod/ed/picture/q8vmmngp/4e796b5a115e63800e4032a28b00c7485d096a96.jpg
Dell Optiplex 7460 All in One cor i5,Venant,Dell,"M√©dina, Dakar",250000,https://i.roamcdn.net/hz/ed/listing-thumb-224w/0394d07c157fcbb8dab03b62ece90bd7/-/horizon-files-prod/ed/picture/qkr767jz/3338fb7612090bfa1289d95365b10063c3f3e2c5.jpg
HP PROBOOK 450 G6,Venant,HP,"M√©dina, Dakar",160000,https://i.roamcdn.net/hz/ed/listing-thumb-224w/2c742a8c4dd75d7284ad73f88d85c0e2/-/horizon-files-prod/ed/picture/qq42492v/ef3cb5076bcc7b1295919d8243bb869e6340e6d9.jpg
MacBook Pro 2017 i7 touchbar,Venant,Apple,"M√©dina, Dakar",290000,https://i.roamcdn.net/hz/ed/listing-thumb-224w/707adb1a3da28d6d491962f31d9f3599/-/horizon-files-prod/ed/picture/q2jkkqxk/9ccf91b9ef09e401ecf0aaa09e1d7a2158413809.jpg
Dell Inspiron 7620 2-en-1 I7-12GEN/16GO/512SSD,Neuf,Dell,"M√©dina, Dakar",500000,https://i.roamcdn.net/hz/ed/listing-thumb-224w/d3b5c8a50c17088b72a636e8503154bc/-/horizon-files-prod/ed/picture/qq4zq6vj/dbdbeed6b1303b4de8e66a3ac0e080e57ade8cdd.jpg
ASUS VIVOBOOK I7-10GEN/16GO/512SSD,Neuf,ASUS,"M√©dina, Dakar",350000,https://i.roamcdn.net/hz/ed/listing-thumb-224w/b37786a55a7e4fa7c22923eb89c5b4a7/-/horizon-files-prod/ed/picture/qpdmkwmv/8330252be114d676de41c5f5dccb60115560fcbc.jpg
